Open,High,Low,Close,Volume,Ticker,Date
198.10021911176236,200.4371508814261,192.11805840887246,194.0155792236328,59732400.0,AAPL,2025-04-16
196.94174374665747,198.56961397436802,194.16538565496842,196.72203063964844,52164700.0,AAPL,2025-04-17
193.01688474432112,193.54618940120912,189.56140949031536,192.9070281982422,46742500.0,AAPL,2025-04-21
195.8631544964882,201.32599215129426,195.71335703344474,199.47842407226562,52976400.0,AAPL,2025-04-22
205.7302222309065,207.7276030292648,202.5344160012944,204.33206176757812,52929200.0,AAPL,2025-04-23
204.62166872266098,208.5565112075726,202.67422555441442,208.09710693359375,47311000.0,AAPL,2025-04-24
206.0997277622984,209.47530610539675,205.92995222724628,209.00592041015625,38222300.0,AAPL,2025-04-25
209.72497582911666,211.2230113707532,207.1883090170199,209.8647918701172,38743100.0,AAPL,2025-04-28
208.41669143858087,211.96204522644123,208.09710321217068,210.9333953857422,36827600.0,AAPL,2025-04-29
209.02590396975114,213.30029766677714,206.399343338795,212.22171020507812,52286500.0,AAPL,2025-04-30
208.80618155790114,214.2790004444518,208.62640936955898,213.04063415527344,57365700.0,AAPL,2025-05-01
205.82009105417706,206.71892151455646,201.89524528415058,205.08106994628906,101010600.0,AAPL,2025-05-02
202.83402512431957,203.83271551835597,197.9504297070337,198.62953186035156,69018500.0,AAPL,2025-05-05
197.9504203457911,200.38721199140494,196.7619763948813,198.25001525878906,51216500.0,AAPL,2025-05-06
198.90915494694545,199.1788056079939,192.99690991055434,195.99298095703125,68536700.0,AAPL,2025-05-07
197.46106353953903,199.78801395815432,194.42503624466005,197.2313690185547,50478900.0,AAPL,2025-05-08
198.739389980464,200.2773664943336,197.28129528859796,198.27000427246094,36453900.0,AAPL,2025-05-09
210.97000122070312,211.27000427246094,206.75,210.7899932861328,63775800.0,AAPL,2025-05-12
210.42999267578125,213.39999389648438,209.0,212.92999267578125,51909300.0,AAPL,2025-05-13
212.42999267578125,213.94000244140625,210.5800018310547,212.3300018310547,49325800.0,AAPL,2025-05-14
210.9499969482422,212.9600067138672,209.5399932861328,211.4499969482422,45029500.0,AAPL,2025-05-15
212.36000061035156,212.57000732421875,209.77000427246094,211.25999450683594,54737900.0,AAPL,2025-05-16
207.91000366210938,209.47999572753906,204.25999450683594,208.77999877929688,46140500.0,AAPL,2025-05-19
207.6699981689453,208.47000122070312,205.02999877929688,206.86000061035156,42496600.0,AAPL,2025-05-20
205.1699981689453,207.0399932861328,200.7100067138672,202.08999633789062,59211800.0,AAPL,2025-05-21
200.7100067138672,202.75,199.6999969482422,201.36000061035156,46742400.0,AAPL,2025-05-22
193.6699981689453,197.6999969482422,193.4600067138672,195.27000427246094,78432900.0,AAPL,2025-05-23
198.3000030517578,200.74000549316406,197.42999267578125,200.2100067138672,56288500.0,AAPL,2025-05-27
200.58999633789062,202.72999572753906,199.89999389648438,200.4199981689453,45339700.0,AAPL,2025-05-28
203.5800018310547,203.80999755859375,198.50999450683594,199.9499969482422,51396800.0,AAPL,2025-05-29
199.3699951171875,201.9600067138672,196.77999877929688,200.85000610351562,70819900.0,AAPL,2025-05-30
200.27999877929688,202.1300048828125,200.1199951171875,201.6999969482422,35423300.0,AAPL,2025-06-02
201.35000610351562,203.77000427246094,200.9600067138672,203.27000427246094,46381600.0,AAPL,2025-06-03
202.91000366210938,206.24000549316406,202.10000610351562,202.82000732421875,43604000.0,AAPL,2025-06-04
203.5,204.75,200.14999389648438,200.6300048828125,55126100.0,AAPL,2025-06-05
203.0,205.6999969482422,202.0500030517578,203.9199981689453,46607700.0,AAPL,2025-06-06
204.38999938964844,206.0,200.02000427246094,201.4499969482422,72862600.0,AAPL,2025-06-09
200.60000610351562,204.35000610351562,200.57000732421875,202.6699981689453,54672600.0,AAPL,2025-06-10
203.5,204.5,198.41000366210938,198.77999877929688,60989900.0,AAPL,2025-06-11
199.0800018310547,199.67999267578125,197.36000061035156,199.1999969482422,43904600.0,AAPL,2025-06-12
199.72999572753906,200.3699951171875,195.6999969482422,196.4499969482422,51447300.0,AAPL,2025-06-13
197.3000030517578,198.69000244140625,196.55999755859375,198.4199981689453,43020700.0,AAPL,2025-06-16
197.1999969482422,198.38999938964844,195.2100067138672,195.63999938964844,38856200.0,AAPL,2025-06-17
195.94000244140625,197.57000732421875,195.07000732421875,196.5800018310547,45394700.0,AAPL,2025-06-18
198.24000549316406,201.6999969482422,196.86000061035156,201.0,96813500.0,AAPL,2025-06-20
201.6300048828125,202.3000030517578,198.9600067138672,201.5,55814300.0,AAPL,2025-06-23
202.58999633789062,203.44000244140625,200.1999969482422,200.3000030517578,54064000.0,AAPL,2025-06-24
201.4499969482422,203.6699981689453,200.6199951171875,201.55999755859375,39525700.0,AAPL,2025-06-25
201.42999267578125,202.63999938964844,199.4600067138672,201.0,50799100.0,AAPL,2025-06-26
201.88999938964844,203.22000122070312,200.0,201.0800018310547,73188600.0,AAPL,2025-06-27
202.00999450683594,207.38999938964844,199.25999450683594,205.1699981689453,91912800.0,AAPL,2025-06-30
206.6699981689453,210.19000244140625,206.13999938964844,207.82000732421875,78788900.0,AAPL,2025-07-01
208.91000366210938,213.33999633789062,208.13999938964844,212.44000244140625,67941800.0,AAPL,2025-07-02
212.14999389648438,214.64999389648438,211.80999755859375,213.5500030517578,34955800.0,AAPL,2025-07-03
212.67999267578125,216.22999572753906,208.8000030517578,209.9499969482422,50229000.0,AAPL,2025-07-07
210.10000610351562,211.42999267578125,208.4499969482422,210.00999450683594,42848900.0,AAPL,2025-07-08
209.52999877929688,211.3300018310547,207.22000122070312,211.13999938964844,48749400.0,AAPL,2025-07-09
210.50999450683594,213.47999572753906,210.02999877929688,212.41000366210938,44443600.0,AAPL,2025-07-10
210.57000732421875,212.1300048828125,209.86000061035156,211.16000366210938,39765800.0,AAPL,2025-07-11
209.92999267578125,210.91000366210938,207.5399932861328,208.6199951171875,38840100.0,AAPL,2025-07-14
209.22000122070312,211.88999938964844,208.9199981689453,209.11000061035156,42296300.0,AAPL,2025-07-15
210.3000030517578,212.39999389648438,208.63999938964844,210.16000366210938,47490500.0,AAPL,2025-07-16
210.57000732421875,211.8000030517578,209.58999633789062,210.02000427246094,48068100.0,AAPL,2025-07-17
210.8699951171875,211.7899932861328,209.6999969482422,211.17999267578125,48974600.0,AAPL,2025-07-18
212.10000610351562,215.77999877929688,211.6300048828125,212.47999572753906,51377400.0,AAPL,2025-07-21
213.13999938964844,214.9499969482422,212.22999572753906,214.39999389648438,46404100.0,AAPL,2025-07-22
215.0,215.14999389648438,212.41000366210938,214.14999389648438,46989300.0,AAPL,2025-07-23
213.89999389648438,215.69000244140625,213.52999877929688,213.75999450683594,45987000.0,AAPL,2025-07-24
214.6999969482422,214.86000061035156,213.8000030517578,214.23500061035156,6247793.0,AAPL,2025-07-25
176.2899932861328,179.10000610351562,171.41000366210938,174.3300018310547,51875300.0,AMZN,2025-04-16
176.0,176.2100067138672,172.0,172.61000061035156,44726500.0,AMZN,2025-04-17
169.60000610351562,169.60000610351562,165.2899932861328,167.32000732421875,48126100.0,AMZN,2025-04-21
169.85000610351562,176.77999877929688,169.35000610351562,173.17999267578125,56607200.0,AMZN,2025-04-22
183.4499969482422,187.3800048828125,180.19000244140625,180.60000610351562,63470100.0,AMZN,2025-04-23
180.9199981689453,186.74000549316406,180.17999267578125,186.5399932861328,43763200.0,AMZN,2025-04-24
187.6199951171875,189.94000244140625,185.49000549316406,188.99000549316406,36414300.0,AMZN,2025-04-25
190.11000061035156,190.22000122070312,184.88999938964844,187.6999969482422,33224700.0,AMZN,2025-04-28
183.99000549316406,188.02000427246094,183.67999267578125,187.38999938964844,41667300.0,AMZN,2025-04-29
182.1699981689453,185.0500030517578,178.85000610351562,184.4199981689453,55176500.0,AMZN,2025-04-30
190.6300048828125,191.80999755859375,187.5,190.1999969482422,74266000.0,AMZN,2025-05-01
191.44000244140625,192.8800048828125,186.39999389648438,189.97999572753906,77903500.0,AMZN,2025-05-02
186.50999450683594,188.17999267578125,185.52999877929688,186.35000610351562,35217500.0,AMZN,2025-05-05
184.57000732421875,187.92999267578125,183.85000610351562,185.00999450683594,29314100.0,AMZN,2025-05-06
185.55999755859375,190.99000549316406,185.00999450683594,188.7100067138672,43948600.0,AMZN,2025-05-07
191.42999267578125,194.3300018310547,188.82000732421875,192.0800018310547,41043600.0,AMZN,2025-05-08
193.3800048828125,194.69000244140625,191.16000366210938,193.05999755859375,29663100.0,AMZN,2025-05-09
210.7100067138672,211.66000366210938,205.75,208.63999938964844,75205000.0,AMZN,2025-05-12
211.0800018310547,214.83999633789062,210.10000610351562,211.3699951171875,56193700.0,AMZN,2025-05-13
211.4499969482422,211.92999267578125,208.85000610351562,210.25,38492100.0,AMZN,2025-05-14
206.4499969482422,206.8800048828125,202.6699981689453,205.1699981689453,64347300.0,AMZN,2025-05-15
206.85000610351562,206.85000610351562,204.3699951171875,205.58999633789062,43318500.0,AMZN,2025-05-16
201.64999389648438,206.6199951171875,201.25999450683594,206.16000366210938,34314800.0,AMZN,2025-05-19
204.6300048828125,205.58999633789062,202.64999389648438,204.07000732421875,29470400.0,AMZN,2025-05-20
201.61000061035156,203.4600067138672,200.05999755859375,201.1199951171875,42460900.0,AMZN,2025-05-21
201.3800048828125,205.75999450683594,200.16000366210938,203.10000610351562,38938900.0,AMZN,2025-05-22
198.89999389648438,202.3699951171875,197.85000610351562,200.99000549316406,33393500.0,AMZN,2025-05-23
203.08999633789062,206.69000244140625,202.19000244140625,206.02000427246094,34892000.0,AMZN,2025-05-27
205.9199981689453,207.66000366210938,204.41000366210938,204.72000122070312,28549800.0,AMZN,2025-05-28
208.02999877929688,208.80999755859375,204.22999572753906,205.6999969482422,34650000.0,AMZN,2025-05-29
204.83999633789062,205.99000549316406,201.6999969482422,205.00999450683594,51679400.0,AMZN,2025-05-30
204.97999572753906,207.0,202.67999267578125,206.64999389648438,29113300.0,AMZN,2025-06-02
207.11000061035156,208.9499969482422,205.02999877929688,205.7100067138672,33139100.0,AMZN,2025-06-03
206.5500030517578,208.17999267578125,205.17999267578125,207.22999572753906,29915600.0,AMZN,2025-06-04
209.5500030517578,212.80999755859375,207.55999755859375,207.91000366210938,51864200.0,AMZN,2025-06-05
212.39999389648438,213.8699951171875,210.5,213.57000732421875,39832500.0,AMZN,2025-06-06
214.75,217.85000610351562,212.8800048828125,216.97999572753906,38102500.0,AMZN,2025-06-09
216.77999877929688,217.69000244140625,214.14999389648438,217.61000061035156,31303300.0,AMZN,2025-06-10
217.41000366210938,218.39999389648438,212.88999938964844,213.1999969482422,39326000.0,AMZN,2025-06-11
211.77999877929688,213.5800018310547,211.3300018310547,213.24000549316406,27640000.0,AMZN,2025-06-12
209.9600067138672,214.0500030517578,209.6199951171875,212.10000610351562,29337800.0,AMZN,2025-06-13
212.30999755859375,217.05999755859375,211.60000610351562,216.10000610351562,33284200.0,AMZN,2025-06-16
215.1999969482422,217.41000366210938,214.55999755859375,214.82000732421875,32086300.0,AMZN,2025-06-17
215.08999633789062,217.9600067138672,212.33999633789062,212.52000427246094,44360500.0,AMZN,2025-06-18
214.67999267578125,214.88999938964844,208.27000427246094,209.69000244140625,75350700.0,AMZN,2025-06-20
209.7899932861328,210.38999938964844,207.30999755859375,208.47000122070312,37311700.0,AMZN,2025-06-23
212.13999938964844,214.33999633789062,211.0500030517578,212.77000427246094,38378800.0,AMZN,2025-06-24
214.6199951171875,216.02999877929688,211.11000061035156,211.99000549316406,31755700.0,AMZN,2025-06-25
213.1199951171875,218.0399932861328,212.00999450683594,217.1199951171875,50480800.0,AMZN,2025-06-26
219.9199981689453,223.3000030517578,216.74000549316406,223.3000030517578,119217100.0,AMZN,2025-06-27
223.52000427246094,223.82000732421875,219.1199951171875,219.38999938964844,58887800.0,AMZN,2025-06-30
219.5,221.8800048828125,217.92999267578125,220.4600067138672,39256800.0,AMZN,2025-07-01
219.72999572753906,221.60000610351562,219.05999755859375,219.9199981689453,30894200.0,AMZN,2025-07-02
221.82000732421875,224.00999450683594,221.36000061035156,223.41000366210938,29632400.0,AMZN,2025-07-03
223.0,224.2899932861328,222.3699951171875,223.47000122070312,36604100.0,AMZN,2025-07-07
223.9199981689453,224.0,218.42999267578125,219.36000061035156,45692000.0,AMZN,2025-07-08
221.07000732421875,224.2899932861328,220.47000122070312,222.5399932861328,38155100.0,AMZN,2025-07-09
221.5500030517578,222.7899932861328,219.6999969482422,222.25999450683594,30370600.0,AMZN,2025-07-10
223.5800018310547,226.67999267578125,222.3699951171875,225.02000427246094,50518300.0,AMZN,2025-07-11
225.07000732421875,226.66000366210938,224.24000549316406,225.69000244140625,35702600.0,AMZN,2025-07-14
226.1999969482422,227.27000427246094,225.4600067138672,226.35000610351562,34907300.0,AMZN,2025-07-15
225.8800048828125,226.10000610351562,222.17999267578125,223.19000244140625,39535900.0,AMZN,2025-07-16
223.32000732421875,224.5,222.50999450683594,223.8800048828125,31855800.0,AMZN,2025-07-17
225.13999938964844,226.39999389648438,222.97999572753906,226.1300048828125,37833800.0,AMZN,2025-07-18
225.83999633789062,229.69000244140625,225.64999389648438,229.3000030517578,40297600.0,AMZN,2025-07-21
229.67999267578125,230.0,226.35000610351562,227.47000122070312,37483700.0,AMZN,2025-07-22
228.47000122070312,228.7899932861328,227.08999633789062,228.2899932861328,28294900.0,AMZN,2025-07-23
229.1699981689453,236.0,228.63999938964844,232.22999572753906,42856900.0,AMZN,2025-07-24
232.22000122070312,232.27000427246094,231.3000030517578,231.90499877929688,3445684.0,AMZN,2025-07-25
37.63819903560706,37.93644073695368,36.75341367826088,37.111305236816406,52872700.0,BAC,2025-04-16
37.290246680293905,37.64813823363369,37.021831807638,37.190834045410156,47144400.0,BAC,2025-04-17
36.852827585976755,37.061596404886785,36.27622744912774,36.703704833984375,34928300.0,BAC,2025-04-21
37.34989484121521,38.264506968494345,37.180892611114544,38.09550094604492,42288900.0,BAC,2025-04-22
39.17911679658761,39.89489989805509,38.44345040981838,38.52298355102539,54428400.0,BAC,2025-04-23
38.43350950841442,39.467417558943175,38.37385965430164,39.348121643066406,42457100.0,BAC,2025-04-24
39.308354809127565,39.55689017773507,39.08964247120135,39.45747375488281,32694200.0,BAC,2025-04-25
39.56683076424082,39.84519296179077,39.2288225040614,39.54694747924805,37428000.0,BAC,2025-04-28
39.39783048298818,39.90484100221169,39.24870773432589,39.75572204589844,33792500.0,BAC,2025-04-29
39.12941205773532,39.765662043658004,38.592574709982166,39.646366119384766,40994600.0,BAC,2025-04-30
39.586713860392805,40.203080522833076,39.3481220263154,39.934661865234375,33569100.0,BAC,2025-05-01
40.670328989714,40.988453969270374,40.461560182945554,40.82939147949219,41613000.0,BAC,2025-05-02
40.610678327626395,41.24693206645576,40.38202624013175,40.87909698486328,32829200.0,BAC,2025-05-05
40.41185300789863,41.028219668658295,40.32238012227635,40.600738525390625,29541800.0,BAC,2025-05-06
40.79956842247599,41.09781011658159,40.620622647542845,40.69021224975586,30925900.0,BAC,2025-05-07
41.04810365573717,41.90306595689888,41.00833708536945,41.356285095214844,41861700.0,BAC,2025-05-08
41.48552379056383,41.73405916227271,41.445757220926694,41.54517364501953,27222800.0,BAC,2025-05-09
43.06620953451913,43.70245948859882,42.688434702153494,43.10597610473633,44875100.0,BAC,2025-05-12
43.16562181549612,44.229356702207646,43.16562181549612,44.02058410644531,43232500.0,BAC,2025-05-13
43.931112952632546,44.65683581622121,43.871466887790376,44.4778938293457,42419500.0,BAC,2025-05-14
44.33871130727634,44.716486155528735,43.75216764512751,44.12000274658203,47379400.0,BAC,2025-05-15
44.08023648367762,44.52760093969802,43.40421992621327,44.428184509277344,49488100.0,BAC,2025-05-16
43.8515838688694,44.87554843994606,43.8515838688694,44.50771713256836,37915700.0,BAC,2025-05-19
44.328771871205724,44.64689686385377,44.14982608879757,44.428184509277344,33424300.0,BAC,2025-05-20
44.11005760421721,44.22935731554972,42.89720754446112,42.996620178222656,55594100.0,BAC,2025-05-21
42.927031139898766,43.31474572594923,42.70831879193228,43.056270599365234,29026200.0,BAC,2025-05-22
42.231131560726865,43.17556676870274,42.10189210051569,42.94691467285156,34875100.0,BAC,2025-05-23
43.533456359814885,43.9609375,43.04632536552877,43.9609375,36322000.0,BAC,2025-05-27
43.95099501843061,44.17964710945996,43.70245964222277,43.801876068115234,35673800.0,BAC,2025-05-28
44.11005918690295,44.199532077438214,43.64281524064017,43.9808235168457,28545100.0,BAC,2025-05-29
43.931113656129355,44.04046983322318,43.46386970720445,43.87146759033203,66537500.0,BAC,2025-05-30
43.62292921574157,43.89134787049409,43.10597519092363,43.82175827026367,28582600.0,BAC,2025-06-02
43.75216635062023,44.467949454057425,43.68257674804705,44.38842010498047,31320200.0,BAC,2025-06-03
44.3387085616006,44.825839556209054,44.08023344502284,44.10011672973633,30591700.0,BAC,2025-06-04
44.18959235121418,44.3188318136806,43.75216764512751,44.12000274658203,32020900.0,BAC,2025-06-05
44.689998626708984,45.16999816894531,44.63999938964844,44.970001220703125,37013000.0,BAC,2025-06-06
45.11000061035156,45.400001525878906,44.779998779296875,44.869998931884766,32414000.0,BAC,2025-06-09
44.79999923706055,45.20000076293945,44.75,45.09000015258789,32229100.0,BAC,2025-06-10
45.20000076293945,45.40999984741211,44.54999923706055,44.72999954223633,47873500.0,BAC,2025-06-11
44.400001525878906,44.650001525878906,44.02000045776367,44.619998931884766,30165400.0,BAC,2025-06-12
44.0,44.459999084472656,43.65999984741211,44.09000015258789,43281700.0,BAC,2025-06-13
44.63999938964844,44.88999938964844,44.349998474121094,44.40999984741211,34103600.0,BAC,2025-06-16
44.27000045776367,44.66999816894531,44.060001373291016,44.22999954223633,27489600.0,BAC,2025-06-17
44.2599983215332,45.20000076293945,44.209999084472656,45.060001373291016,37684700.0,BAC,2025-06-18
45.310001373291016,45.650001525878906,45.27000045776367,45.5,64591600.0,BAC,2025-06-20
45.400001525878906,46.369998931884766,45.11000061035156,46.29999923706055,42683600.0,BAC,2025-06-23
46.75,47.189998626708984,46.56999969482422,46.65999984741211,45437600.0,BAC,2025-06-24
46.58000183105469,46.97999954223633,46.459999084472656,46.849998474121094,33532400.0,BAC,2025-06-25
46.95000076293945,47.58000183105469,46.900001525878906,47.459999084472656,40127000.0,BAC,2025-06-26
47.45000076293945,47.66999816894531,46.90999984741211,47.119998931884766,56705000.0,BAC,2025-06-27
47.619998931884766,47.619998931884766,47.029998779296875,47.31999969482422,47921200.0,BAC,2025-06-30
47.02000045776367,48.41999816894531,46.939998626708984,48.150001525878906,48540900.0,BAC,2025-07-01
48.36000061035156,48.72999954223633,48.060001373291016,48.709999084472656,48003600.0,BAC,2025-07-02
48.95000076293945,49.310001373291016,48.810001373291016,48.93000030517578,21620300.0,BAC,2025-07-03
48.7400016784668,49.209999084472656,48.369998931884766,48.65999984741211,35567900.0,BAC,2025-07-07
47.5,47.790000915527344,46.7599983215332,47.150001525878906,88086500.0,BAC,2025-07-08
47.15999984741211,47.45000076293945,46.709999084472656,46.84000015258789,46227900.0,BAC,2025-07-09
46.900001525878906,47.220001220703125,46.779998779296875,46.970001220703125,44225000.0,BAC,2025-07-10
46.63999938964844,46.810001373291016,46.25,46.72999954223633,31653000.0,BAC,2025-07-11
46.810001373291016,47.06999969482422,46.54999923706055,47.06999969482422,36381200.0,BAC,2025-07-14
46.880001068115234,47.0099983215332,45.95000076293945,46.150001525878906,55145000.0,BAC,2025-07-15
46.25,46.560001373291016,45.0099983215332,46.029998779296875,61296600.0,BAC,2025-07-16
45.63999938964844,47.220001220703125,45.439998626708984,47.02000045776367,56480700.0,BAC,2025-07-17
47.0099983215332,47.380001068115234,46.900001525878906,47.31999969482422,48314200.0,BAC,2025-07-18
47.540000915527344,48.040000915527344,47.20000076293945,47.47999954223633,32199700.0,BAC,2025-07-21
47.599998474121094,48.16999816894531,47.459999084472656,47.77000045776367,34749400.0,BAC,2025-07-22
48.0099983215332,48.310001373291016,47.810001373291016,48.13999938964844,31380100.0,BAC,2025-07-23
48.4900016784668,49.0,48.209999084472656,48.38999938964844,42945300.0,BAC,2025-07-24
48.38999938964844,48.39500045776367,47.959999084472656,48.109100341796875,2709885.0,BAC,2025-07-25
155.28334595266895,157.99008382713703,153.72522130692107,155.3133087158203,16921500.0,GOOG,2025-04-16
156.42198635455088,156.88144081875564,150.71883464776334,153.17588806152344,19513400.0,GOOG,2025-04-17
150.78375333899587,150.87864050474218,148.22183034478553,149.68008422851562,16147800.0,GOOG,2025-04-21
150.8886362621129,154.42437951639937,150.6888641849861,153.71522521972656,15910300.0,GOOG,2025-04-22
157.72042924654332,159.82789675498066,156.16230449916227,157.53065490722656,18575700.0,GOOG,2025-04-23
158.33468177478025,161.51587092668274,157.90020643862147,161.27615356445312,30787500.0,GOOG,2025-04-24
166.89938788476556,168.03801860512272,162.80430419831342,163.65328979492188,35148100.0,GOOG,2025-04-25
164.06279344811506,164.7519675124574,160.18746191545455,162.22500610351562,20871200.0,GOOG,2025-04-28
161.85045135746807,162.4846835071933,159.19864009739626,161.8654327392578,15955200.0,GOOG,2025-04-29
159.668076193593,161.1802508371438,156.9663219285134,160.69683837890625,20639500.0,GOOG,2025-04-30
162.32489383255603,163.74318724848555,160.73679109542547,162.5945587158203,21904300.0,GOOG,2025-05-01
164.75696214937838,166.49986228142632,163.4635187136773,165.61093139648438,16844900.0,GOOG,2025-05-02
164.31748620308443,166.89938941322708,164.2725420579775,165.85064697265625,15309300.0,GOOG,2025-05-05
163.7631616655552,166.53982286878713,162.93415630768814,165.0016632080078,10691900.0,GOOG,2025-05-06
165.87063510873034,166.78952879122355,149.3105380862026,152.61656188964844,78729800.0,GOOG,2025-05-07
155.73281288134118,157.22102959109037,153.91500575525347,155.56301879882812,38387500.0,GOOG,2025-05-08
155.36324984214707,156.2421829513297,153.6453136535378,154.1946563720703,22871000.0,GOOG,2025-05-09
158.90899302371432,160.24738058211028,157.7004390257499,159.38841247558594,31884900.0,GOOG,2025-05-12
159.7280017204315,161.86543187366587,157.39081473091227,160.69683837890625,24944300.0,GOOG,2025-05-13
161.11632923643336,168.13788781928253,160.7367805863974,166.60972595214844,31769200.0,GOOG,2025-05-14
166.93933247241503,167.30888337648878,163.64329137735027,165.201416015625,22717600.0,GOOG,2025-05-15
168.72718785873926,170.44512417357606,166.7495691671836,167.22898864746094,36271400.0,GOOG,2025-05-16
165.5160454583736,167.74836281526606,165.21640257843083,167.66845703125,21374700.0,GOOG,2025-05-19
167.55859416793888,169.4762873279752,164.06279601110305,165.1215362548828,33563300.0,GOOG,2025-05-20
164.7519690737049,174.32046979875315,164.69204354414558,169.8558349609375,45567600.0,GOOG,2025-05-21
173.14189469389407,177.91615495430474,171.67365824974368,171.77352905273438,45024100.0,GOOG,2025-05-22
170.07557238761842,170.99946494467622,169.05679266175375,169.3863983154297,24963600.0,GOOG,2025-05-23
171.09434304405778,174.080743544611,171.004454754312,173.7711181640625,24341300.0,GOOG,2025-05-27
173.77113028846478,176.2681290031992,172.80729244229028,173.17185974121094,25999200.0,GOOG,2025-05-28
174.789909349775,175.18942304638622,171.5737737985015,172.7523651123047,21174700.0,GOOG,2025-05-29
172.20301238713458,173.2317745748415,168.3226668701471,172.64248657226562,36258300.0,GOOG,2025-05-30
168.8070832390332,170.8566215844937,168.447514840874,170.1654510498047,24742900.0,GOOG,2025-06-02
168.66227916887598,169.59615424138852,166.47988950965254,167.5086669921875,25386700.0,GOOG,2025-06-03
168.07796230217642,169.37640457405112,167.59354398214708,169.18663024902344,18508700.0,GOOG,2025-06-04
171.41394936627097,172.15306641407983,169.14668568533537,169.6061248779297,25375400.0,GOOG,2025-06-05
172.09314187053795,175.618902578423,172.09314187053795,174.70999145507812,22258100.0,GOOG,2025-06-06
175.8699951171875,177.9149932861328,175.66000366210938,177.6300048828125,18817600.0,GOOG,2025-06-09
177.75999450683594,182.44500732421875,176.47500610351562,180.00999450683594,32908000.0,GOOG,2025-06-10
181.22999572753906,181.75,178.0,178.7899932861328,18994400.0,GOOG,2025-06-11
177.47999572753906,178.1300048828125,176.11000061035156,176.97000122070312,17345900.0,GOOG,2025-06-12
173.5800018310547,178.34300231933594,173.57000732421875,175.8800048828125,20873200.0,GOOG,2025-06-13
175.90499877929688,178.2449951171875,175.82000732421875,177.94000244140625,18132500.0,GOOG,2025-06-16
177.0,178.71499633789062,175.94000244140625,177.22999572753906,17656100.0,GOOG,2025-06-17
177.27999877929688,177.82400512695312,172.83999633789062,173.97999572753906,32531800.0,GOOG,2025-06-18
174.86500549316406,175.36500549316406,166.27000427246094,167.72999572753906,55402600.0,GOOG,2025-06-20
167.32000732421875,168.47999572753906,163.3300018310547,166.00999450683594,36975600.0,GOOG,2025-06-23
167.68499755859375,169.25,166.91000366210938,167.74000549316406,27310300.0,GOOG,2025-06-24
168.64999389648438,173.36000061035156,168.56100463867188,171.49000549316406,23627400.0,GOOG,2025-06-25
173.38499450683594,174.64999389648438,170.86000061035156,174.42999267578125,25909100.0,GOOG,2025-06-26
174.6300048828125,178.83999633789062,172.7100067138672,178.27000427246094,74053100.0,GOOG,2025-06-27
180.78500366210938,181.5800018310547,175.5,177.38999938964844,43964600.0,GOOG,2025-06-30
176.80499267578125,177.22000122070312,174.66000366210938,176.91000366210938,25778500.0,GOOG,2025-07-01
176.5449981689453,179.93499755859375,176.08999633789062,179.75999450683594,19325900.0,GOOG,2025-07-02
179.82000732421875,180.77000427246094,178.19000244140625,180.5500030517578,13287400.0,GOOG,2025-07-03
180.13499450683594,180.33999633789062,176.63999938964844,177.55999755859375,20991400.0,GOOG,2025-07-07
178.77999877929688,178.7899932861328,173.9199981689453,175.16000366210938,24108600.0,GOOG,2025-07-08
176.11000061035156,180.27999877929688,173.8800048828125,177.66000366210938,31288000.0,GOOG,2025-07-09
176.6699981689453,179.58999633789062,175.74000549316406,178.6999969482422,24693700.0,GOOG,2025-07-10
177.91000366210938,182.61000061035156,177.54100036621094,181.30999755859375,23975700.0,GOOG,2025-07-11
182.07000732421875,184.72999572753906,180.71099853515625,182.80999755859375,20990400.0,GOOG,2025-07-14
183.94000244140625,185.41000366210938,182.38999938964844,183.10000610351562,23911600.0,GOOG,2025-07-15
184.32000732421875,185.3350067138672,183.0800018310547,183.77000427246094,21152600.0,GOOG,2025-07-16
183.11500549316406,185.18699645996094,181.5,184.6999969482422,21654400.0,GOOG,2025-07-17
186.6199951171875,187.36000061035156,184.72999572753906,185.94000244140625,21033400.0,GOOG,2025-07-18
187.10000610351562,191.25999450683594,187.0500030517578,191.14999389648438,24665000.0,GOOG,2025-07-21
192.4199981689453,193.36000061035156,188.4949951171875,192.11000061035156,26212900.0,GOOG,2025-07-22
192.36000061035156,193.36000061035156,190.17999267578125,191.50999450683594,34068100.0,GOOG,2025-07-23
198.11000061035156,198.97000122070312,191.9499969482422,193.1999969482422,45196300.0,GOOG,2025-07-24
192.92999267578125,195.27499389648438,192.1300048828125,194.38429260253906,5638312.0,GOOG,2025-07-25
230.88766518199,232.46009162059124,226.83717169766902,228.50912475585938,9322300.0,JPM,2025-04-16
229.69342787144265,233.21644858973698,229.44462650138817,230.84786987304688,9557900.0,JPM,2025-04-17
229.52424145918462,230.69857661984034,225.25480150653433,227.89210510253906,8716200.0,JPM,2025-04-21
230.86775692306756,234.8585405116524,230.26068098881774,234.46044921875,10701400.0,JPM,2025-04-22
239.0682584037366,245.60675042283196,238.84931198623212,239.72509765625,14126800.0,JPM,2025-04-23
238.59055573191884,244.29307860524065,236.44090835427102,243.46705627441406,9055200.0,JPM,2025-04-24
243.477010599773,244.44236111433239,240.5909208295343,242.38229370117188,8588600.0,JPM,2025-04-25
243.3874504868157,245.65651777314966,239.68528487529596,242.0538787841797,7394300.0,JPM,2025-04-28
241.02881679457045,244.0741431231028,240.53121405629705,243.44715881347656,7216800.0,JPM,2025-04-29
240.05351967953112,244.0442881736568,237.286834483951,243.44715881347656,12991700.0,JPM,2025-04-30
241.67568327691322,247.258786353575,241.00889746026036,245.70626831054688,8689600.0,JPM,2025-05-01
250.0553248082222,252.4040103613177,248.2639670829103,251.29933166503906,7165000.0,JPM,2025-05-02
249.97570217088762,253.93663086730422,249.38853458930066,251.34909057617188,5450700.0,JPM,2025-05-05
248.80136625697406,251.43865466504587,247.80616079194616,248.05496215820312,6369900.0,JPM,2025-05-06
248.65209135643752,251.23961645251856,247.6369775307655,248.1942901611328,8724100.0,JPM,2025-05-07
250.3638459168891,254.653179037873,250.3439375556287,252.25473022460938,8320100.0,JPM,2025-05-08
253.2797976419781,254.2849497217852,251.130150135318,251.86660766601562,5087600.0,JPM,2025-05-09
261.63950318945587,262.33615914353067,257.4596585787861,258.80316162109375,9603900.0,JPM,2025-05-12
259.7784752118559,262.40583215594387,259.14155952227264,261.7489929199219,8589000.0,JPM,2025-05-13
261.73903703972616,265.3615995069981,261.03244966421823,264.36639404296875,8643100.0,JPM,2025-05-14
265.6899931271043,268.22775480853,263.4905976451181,266.2074890136719,9214600.0,JPM,2025-05-15
266.2174507488304,267.1728394513035,263.44081911370307,266.27716064453125,8932900.0,JPM,2025-05-16
264.27678649101705,267.03352493533146,260.6741477387632,263.6100158691406,12145000.0,JPM,2025-05-19
261.2613359520205,265.3815012848607,261.0423895279866,264.40618896484375,8436300.0,JPM,2025-05-20
263.082579922779,264.3763349238983,259.4799408732281,259.7884521484375,7464000.0,JPM,2025-05-21
258.19611337099025,261.04238647892464,257.62883895562896,259.42022705078125,6514100.0,JPM,2025-05-22
255.5787265285213,260.73388382025087,254.7726124890187,259.46002197265625,6671800.0,JPM,2025-05-23
260.7836486438675,264.0279978084463,260.73387014784373,264.01806640625,7506600.0,JPM,2025-05-27
264.9634996649843,265.4412092333447,261.63951697637066,262.2266845703125,5535400.0,JPM,2025-05-28
263.5304091111322,264.1375002703833,261.2713035181273,263.10247802734375,5081200.0,JPM,2025-05-29
262.18690205125534,264.057862886016,261.47035287386933,262.7342529296875,10977700.0,JPM,2025-05-30
261.7589312182056,263.75930392737183,260.644305953624,263.3910827636719,6011200.0,JPM,2025-06-02
262.46554716432524,265.30185843117926,261.61961644821946,264.99334716796875,6998400.0,JPM,2025-06-03
264.64504745394464,265.83927577491863,262.9133693130791,262.95318603515625,5915700.0,JPM,2025-06-04
263.4706932630997,263.4706932630997,259.06194020541,260.694091796875,8173800.0,JPM,2025-06-05
263.0626511657531,265.37153516846195,262.99300986431126,264.4559631347656,7738100.0,JPM,2025-06-06
264.7246477790378,266.6155320460647,262.0873594299272,265.4610900878906,8285000.0,JPM,2025-06-09
264.60523473595094,267.6107443161649,264.57537978675634,267.31219482421875,7538100.0,JPM,2025-06-10
267.39180706659846,268.32730266845346,264.51567895803186,266.8643493652344,7434100.0,JPM,2025-06-11
265.58052998264776,267.00369695569367,263.86880564792295,266.95391845703125,6618000.0,JPM,2025-06-12
263.80903869240996,265.7397396319499,261.4504067124717,263.6796875,7098300.0,JPM,2025-06-13
265.7198450958534,270.42717762989383,265.5705703582536,269.063720703125,8566000.0,JPM,2025-06-16
266.88424967146057,269.2926297693676,266.5159981558218,268.2277526855469,6739300.0,JPM,2025-06-17
268.7054791842507,276.3884666928138,268.4268228651323,272.646484375,9586400.0,JPM,2025-06-18
274.2487624105066,275.9704483340071,272.4971911682662,273.6814880371094,13969700.0,JPM,2025-06-20
273.7412204054367,277.214477856322,270.80535205332694,276.9358215332031,8094600.0,JPM,2025-06-23
278.86651506161456,281.3545287260588,278.1698894583265,279.9114990234375,9267900.0,JPM,2025-06-24
280.1503355472526,282.9170054969541,279.5631679734277,282.69805908203125,6826900.0,JPM,2025-06-25
283.3350001951252,288.0224093016382,283.1060920108545,287.3655700683594,8942100.0,JPM,2025-06-26
284.4396739878663,287.31583238485587,283.67337670682673,285.7334289550781,17868600.0,JPM,2025-06-27
289.0076604894998,291.24687278209086,287.5347758413133,288.52001953125,12689200.0,JPM,2025-06-30
289.4953181761386,289.7341577572893,285.2159166625477,289.0176086425781,9338300.0,JPM,2025-07-01
290.63982282748304,291.4160819029091,288.3110456012049,290.6000061035156,8158700.0,JPM,2025-07-02
292.1499938964844,296.3999938964844,291.2099914550781,296.0,6541600.0,JPM,2025-07-03
295.25,296.0400085449219,290.0799865722656,291.9700012207031,8825700.0,JPM,2025-07-07
289.2699890136719,289.70001220703125,280.30999755859375,282.7799987792969,15440900.0,JPM,2025-07-08
287.17999267578125,287.20001220703125,282.4800109863281,283.1600036621094,11273800.0,JPM,2025-07-09
283.0,288.30999755859375,283.0,288.19000244140625,8410900.0,JPM,2025-07-10
285.5199890136719,287.3800048828125,283.6499938964844,286.8599853515625,7384700.0,JPM,2025-07-11
287.07000732421875,289.29998779296875,285.260009765625,288.70001220703125,9079900.0,JPM,2025-07-14
288.0,291.95001220703125,285.4800109863281,286.54998779296875,12526100.0,JPM,2025-07-15
288.3999938964844,290.7300109863281,283.010009765625,285.82000732421875,9979800.0,JPM,2025-07-16
283.44000244140625,290.29998779296875,283.44000244140625,289.8999938964844,8509500.0,JPM,2025-07-17
289.5199890136719,292.5,288.2300109863281,291.2699890136719,12217000.0,JPM,2025-07-18
291.0,294.17999267578125,290.5799865722656,290.9700012207031,7898100.0,JPM,2025-07-21
291.5,293.6300048828125,289.17999267578125,291.42999267578125,6717500.0,JPM,2025-07-22
292.8399963378906,296.989990234375,292.54998779296875,296.760009765625,7083500.0,JPM,2025-07-23
297.4200134277344,299.5899963378906,296.20001220703125,296.54998779296875,7000300.0,JPM,2025-07-24
296.70001220703125,297.510009765625,295.9549865722656,297.1300048828125,602941.0,JPM,2025-07-25
508.1190429485272,512.9752917109025,495.248940829508,501.9237976074219,18735100.0,META,2025-04-16
504.8615423906665,506.90995406615434,497.62711856756914,501.0944519042969,14593500.0,META,2025-04-17
490.95223888134063,493.1205839444646,479.431104674804,484.2873840332031,16166000.0,META,2025-04-21
491.49181764891443,506.4902868701918,485.98604429039705,499.8953552246094,17399400.0,META,2025-04-22
528.1236539391821,534.9284154373055,516.1228784114317,519.8699951171875,18173900.0,META,2025-04-23
518.3311552024028,533.4895356675911,517.1021204034743,532.7401123046875,13910000.0,META,2025-04-24
546.3795728163933,549.4372176521805,535.8376965321478,546.8492431640625,17098900.0,META,2025-04-25
555.2128099483461,558.0605943260673,540.1743933621875,549.3173217773438,15179000.0,META,2025-04-28
545.5802193870614,556.1421001835268,543.7016599064505,554.0137329101562,11835000.0,META,2025-04-29
537.9860554602953,548.6777795753518,529.0928741621841,548.577880859375,29244000.0,META,2025-04-30
591.6247987166439,592.4941249415356,570.0613733373625,571.7700805664062,31159000.0,META,2025-05-01
583.0114624189366,603.8754149154345,577.8854014442142,596.56103515625,24739300.0,META,2025-05-02
590.765405664398,602.7462382701667,587.5978600254365,598.8092651367188,13887700.0,META,2025-05-05
592.0744779246842,595.5717870403006,586.1290402304902,586.8584594726562,10600700.0,META,2025-05-06
589.9060821921285,602.6163340287609,586.2189168396308,596.3511352539062,13139100.0,META,2025-05-07
605.8238341716766,610.8299920094227,596.1612859928888,597.5502319335938,14622800.0,META,2025-05-08
603.2558317407384,606.5033331458584,591.2551162399334,592.0344848632812,10427300.0,META,2025-05-09
630.434887813048,639.8976383332824,620.5525382829127,638.9383544921875,21965100.0,META,2025-05-12
645.0436488654467,660.4118286945162,642.335771505551,655.525634765625,18570800.0,META,2025-05-13
660.7016415387022,662.1604799651236,653.8069223034624,658.85302734375,12348200.0,META,2025-05-14
653.7769769402204,656.8046155684391,638.0890359072837,643.3849487304688,14341800.0,META,2025-05-15
637.4695422101522,639.9476160073406,625.6686244756826,639.8477172851562,18519000.0,META,2025-05-16
627.7669935255635,642.5056535406882,627.3173272935575,639.9376220703125,9592400.0,META,2025-05-19
635.521040610427,638.8584386405468,631.7739236379011,636.6101684570312,6743500.0,META,2025-05-20
631.304243948337,646.1128573238404,629.6854943191497,635.0114135742188,11464600.0,META,2025-05-21
633.5624844477077,642.7554230220385,630.2250866339274,636.08056640625,8228400.0,META,2025-05-22
623.5202359878101,631.9637513811242,622.1712983340897,626.577880859375,8454100.0,META,2025-05-23
634.9214503428936,642.5855973216567,632.2635222678258,641.826171875,9508400.0,META,2025-05-27
642.1059170723001,650.3795803263449,642.0559677120978,643.085205078125,9042900.0,META,2025-05-28
651.1490397001155,652.8177387372123,639.0083561535087,644.5540771484375,8858800.0,META,2025-05-29
642.0060336659102,648.9106942904369,632.2935358628563,646.9921875,16241000.0,META,2025-05-30
643.8945882353455,672.7423872324788,643.7646833041948,670.3842163085938,15766300.0,META,2025-06-02
670.933780241162,675.0606098458437,664.5187332165345,666.3372802734375,11585000.0,META,2025-06-03
668.8054003474581,688.4702620523693,668.0559769852821,687.4210815429688,14031900.0,META,2025-06-04
691.128193299702,693.8461337530863,681.7254549732214,684.0936279296875,13083100.0,META,2025-06-05
695.634728988938,702.2696384274917,691.3380472640042,697.173583984375,11728000.0,META,2025-06-06
697.9230086279447,704.6478147285023,693.4064643289632,693.5263671875,12773200.0,META,2025-06-09
700.8107438516906,702.6893032959509,691.0282928322797,701.8599853515625,10850100.0,META,2025-06-10
703.1689726406868,708.3249785260691,691.4579518801445,693.6063232421875,9582500.0,META,2025-06-11
692.7669528666453,694.8453707616588,686.471808739605,692.826904296875,7322700.0,META,2025-06-12
687.4210820231808,694.0359873588837,680.4864154008052,682.344970703125,9274400.0,META,2025-06-13
699.3300170898438,707.1500244140625,693.510009765625,702.1199951171875,13720300.0,META,2025-06-16
702.0,705.969970703125,696.0599975585938,697.22998046875,10066100.0,META,2025-06-17
698.1799926757812,701.5900268554688,694.9000244140625,695.77001953125,10068300.0,META,2025-06-18
700.75,701.8200073242188,678.6699829101562,682.3499755859375,22538600.0,META,2025-06-20
683.6900024414062,699.0499877929688,678.75,698.530029296875,11080100.0,META,2025-06-23
704.8900146484375,713.1900024414062,702.1099853515625,712.2000122070312,13823200.0,META,2025-06-24
713.3200073242188,716.5800170898438,705.3800048828125,708.6799926757812,9320400.0,META,2025-06-25
714.3599853515625,728.219970703125,711.0499877929688,726.0900268554688,13964800.0,META,2025-06-26
726.52001953125,735.4299926757812,725.8599853515625,733.6300048828125,18775700.0,META,2025-06-27
744.5499877929688,747.9000244140625,734.25,738.0900268554688,15402100.0,META,2025-06-30
736.8800048828125,737.75,715.3699951171875,719.219970703125,13431200.0,META,2025-07-01
715.3300170898438,720.2999877929688,712.7999877929688,713.5700073242188,9336700.0,META,2025-07-02
726.6099853515625,729.030029296875,714.4199829101562,719.010009765625,8601700.0,META,2025-07-03
717.5999755859375,727.0,713.510009765625,718.3499755859375,9457100.0,META,2025-07-07
721.5700073242188,722.9099731445312,714.8099975585938,720.6699829101562,7770700.0,META,2025-07-08
722.719970703125,737.530029296875,722.719970703125,732.780029296875,11418000.0,META,2025-07-09
731.5499877929688,735.7999877929688,719.5999755859375,727.239990234375,9913600.0,META,2025-07-10
722.5,725.1599731445312,709.7000122070312,717.510009765625,10873900.0,META,2025-07-11
717.5999755859375,728.0,716.5499877929688,720.9199829101562,8939400.0,META,2025-07-14
723.9000244140625,724.469970703125,709.8200073242188,710.3900146484375,11529500.0,META,2025-07-15
713.3699951171875,713.969970703125,699.27001953125,702.9099731445312,13067600.0,META,2025-07-16
704.3900146484375,705.9000244140625,697.1099853515625,701.4099731445312,11803300.0,META,2025-07-17
702.1900024414062,704.7100219726562,691.6500244140625,704.280029296875,12779800.0,META,2025-07-18
706.7999877929688,717.0,705.760009765625,712.969970703125,9404400.0,META,2025-07-21
716.1900024414062,716.5999755859375,701.4099731445312,704.8099975585938,8921100.0,META,2025-07-22
706.3699951171875,714.6300048828125,704.9299926757812,713.5800170898438,8771600.0,META,2025-07-23
717.0499877929688,723.6199951171875,714.0,714.7999877929688,10914100.0,META,2025-07-24
716.7100219726562,719.3599853515625,713.0,718.3599853515625,1002888.0,META,2025-07-25
379.97244183574617,380.9106912763521,367.32564600100716,370.92901611328125,21967800.0,MSFT,2025-04-16
373.0651098854367,373.6340726815441,366.2176953329466,367.1060485839844,21120200.0,MSFT,2025-04-17
362.1551460624454,363.8121077971333,355.01825440362086,358.4619140625,20807300.0,MSFT,2025-04-21
362.7141283475077,367.09606804173376,359.20055908423666,366.1478271484375,19485000.0,MSFT,2025-04-22
375.3708716590499,379.6929540391626,372.33643389707953,373.7039489746094,20545500.0,MSFT,2025-04-23
375.01155205300716,387.7381880213899,374.5024768665421,386.59027099609375,22232300.0,MSFT,2025-04-24
386.29083932956814,391.44138750936105,383.8952433175299,391.1319580078125,18973200.0,MSFT,2025-04-25
391.241728610284,392.0202980494585,385.9315006090283,390.4432067871094,16579400.0,MSFT,2025-04-28
390.5829324517716,394.3759872470841,389.66463540586307,393.31793212890625,14974000.0,MSFT,2025-04-29
389.58477271143016,395.93313400867555,383.73552563819743,394.53570556640625,36461100.0,MSFT,2025-04-30
430.3199808366381,436.1892106723326,424.12136912560175,424.6204528808594,58938100.0,MSFT,2025-05-01
430.948839257634,438.63474141621873,429.20204608174254,434.48236083984375,30757400.0,MSFT,2025-05-02
432.07675654489867,438.6946118778074,431.3181395047298,435.3707275390625,20136100.0,MSFT,2025-05-05
431.408009380462,436.92787448428356,430.3798980651205,432.5159606933594,15104200.0,MSFT,2025-05-06
433.04500054847074,437.3171563878889,430.319992206568,432.555908203125,23295300.0,MSFT,2025-05-07
437.12748451655574,442.85698666150637,434.86165526525525,437.3670654296875,23491300.0,MSFT,2025-05-08
439.19371771814804,439.93235195021686,435.08127232610667,437.9260559082031,15324200.0,MSFT,2025-05-09
445.12281367736733,448.5465208630377,438.9740982732109,448.4367370605469,22821900.0,MSFT,2025-05-12
446.9594623818115,449.8441812103938,444.54388351816056,448.3169860839844,23618800.0,MSFT,2025-05-13
447.3187935842875,453.0682176126866,447.3187935842875,452.1099853515625,19902800.0,MSFT,2025-05-14
450.7699890136719,456.19000244140625,450.42999267578125,453.1300048828125,21992300.0,MSFT,2025-05-15
452.04998779296875,454.3599853515625,448.7300109863281,454.2699890136719,23849800.0,MSFT,2025-05-16
450.8800048828125,459.5899963378906,450.79998779296875,458.8699951171875,21336500.0,MSFT,2025-05-19
455.5899963378906,458.3399963378906,454.32000732421875,458.1700134277344,15441800.0,MSFT,2025-05-20
454.57000732421875,457.7799987792969,451.80999755859375,452.57000732421875,19216900.0,MSFT,2025-05-21
454.95001220703125,460.25,453.8999938964844,454.8599853515625,18025600.0,MSFT,2025-05-22
449.9800109863281,453.69000244140625,448.9100036621094,450.17999267578125,16883500.0,MSFT,2025-05-23
456.4800109863281,460.95001220703125,456.1199951171875,460.69000244140625,20974300.0,MSFT,2025-05-27
461.2200012207031,462.5199890136719,456.92999267578125,457.3599853515625,17086300.0,MSFT,2025-05-28
461.54998779296875,461.7200012207031,455.30999755859375,458.67999267578125,13974800.0,MSFT,2025-05-29
459.7200012207031,461.67999267578125,455.5400085449219,460.3599853515625,34770500.0,MSFT,2025-05-30
457.1400146484375,462.1099853515625,456.8900146484375,461.9700012207031,16626500.0,MSFT,2025-06-02
461.4700012207031,464.1400146484375,460.8599853515625,462.9700012207031,15743800.0,MSFT,2025-06-03
464.0,465.69000244140625,463.0199890136719,463.8699951171875,14162700.0,MSFT,2025-06-04
464.9599914550781,469.6499938964844,464.0299987792969,467.67999267578125,20131700.0,MSFT,2025-06-05
470.0899963378906,473.3399963378906,468.7799987792969,470.3800048828125,15285600.0,MSFT,2025-06-06
469.70001220703125,473.42999267578125,468.6199951171875,472.75,16469900.0,MSFT,2025-06-09
471.19000244140625,472.79998779296875,466.9599914550781,470.9200134277344,15375900.0,MSFT,2025-06-10
470.0199890136719,475.4700012207031,469.6600036621094,472.6199951171875,16399200.0,MSFT,2025-06-11
475.0199890136719,480.4200134277344,473.5199890136719,478.8699951171875,18950600.0,MSFT,2025-06-12
476.4100036621094,479.17999267578125,472.760009765625,474.9599914550781,16814500.0,MSFT,2025-06-13
475.2099914550781,480.69000244140625,475.0,479.1400146484375,15626100.0,MSFT,2025-06-16
475.3999938964844,478.739990234375,474.0799865722656,478.0400085449219,15414100.0,MSFT,2025-06-17
478.0,481.0,474.4599914550781,480.239990234375,17526500.0,MSFT,2025-06-18
482.2300109863281,483.4599914550781,476.8699951171875,477.3999938964844,37576200.0,MSFT,2025-06-20
478.2099914550781,487.75,472.510009765625,486.0,24864000.0,MSFT,2025-06-23
488.95001220703125,491.8500061035156,486.79998779296875,490.1099853515625,22305600.0,MSFT,2025-06-24
492.0400085449219,494.55999755859375,489.3900146484375,492.2699890136719,17495100.0,MSFT,2025-06-25
492.9800109863281,498.0400085449219,492.80999755859375,497.45001220703125,21578900.0,MSFT,2025-06-26
497.54998779296875,499.29998779296875,493.0299987792969,495.94000244140625,34539200.0,MSFT,2025-06-27
497.0400085449219,500.760009765625,495.3299865722656,497.4100036621094,28369000.0,MSFT,2025-06-30
496.4700012207031,498.04998779296875,490.9800109863281,492.04998779296875,19945400.0,MSFT,2025-07-01
489.989990234375,493.5,488.70001220703125,491.0899963378906,16319600.0,MSFT,2025-07-02
493.80999755859375,500.1300048828125,493.44000244140625,498.8399963378906,13984800.0,MSFT,2025-07-03
497.3800048828125,498.75,495.2300109863281,497.7200012207031,13981600.0,MSFT,2025-07-07
497.239990234375,498.20001220703125,494.1099853515625,496.6199951171875,11846600.0,MSFT,2025-07-08
500.29998779296875,506.7799987792969,499.739990234375,503.510009765625,18659500.0,MSFT,2025-07-09
503.04998779296875,504.44000244140625,497.75,501.4800109863281,16492100.0,MSFT,2025-07-10
498.4700012207031,505.0299987792969,497.79998779296875,503.32000732421875,16459500.0,MSFT,2025-07-11
501.5199890136719,503.9700012207031,501.0299987792969,503.0199890136719,12058800.0,MSFT,2025-07-14
503.0199890136719,508.29998779296875,502.7900085449219,505.82000732421875,14927200.0,MSFT,2025-07-15
505.17999267578125,506.7200012207031,501.8900146484375,505.6199951171875,15154400.0,MSFT,2025-07-16
505.67999267578125,513.3699951171875,505.6199951171875,511.70001220703125,17503100.0,MSFT,2025-07-17
514.47998046875,514.6400146484375,507.42999267578125,510.04998779296875,21209700.0,MSFT,2025-07-18
506.7099914550781,512.0900268554688,505.54998779296875,510.05999755859375,14066800.0,MSFT,2025-07-21
510.9700012207031,511.20001220703125,505.2699890136719,505.2699890136719,13868600.0,MSFT,2025-07-22
506.75,506.7900085449219,500.70001220703125,505.8699951171875,16396600.0,MSFT,2025-07-23
508.7699890136719,513.6699829101562,507.29998779296875,510.8800048828125,16097400.0,MSFT,2025-07-24
512.4650268554688,512.6500244140625,510.35919189453125,512.47998046875,1689063.0,MSFT,2025-07-25
976.280029296875,981.2100219726562,949.1699829101562,961.6300048828125,6066100.0,NFLX,2025-04-16
969.0,984.7000122070312,956.0,973.030029296875,8893700.0,NFLX,2025-04-17
984.4000244140625,1019.0,973.0499877929688,987.9099731445312,9775700.0,NFLX,2025-04-21
1005.2999877929688,1064.969970703125,1004.52001953125,1040.3399658203125,9368900.0,NFLX,2025-04-22
1047.219970703125,1061.25,1032.0,1049.5899658203125,6471900.0,NFLX,2025-04-23
1048.0,1101.0,1047.02001953125,1096.8699951171875,6381900.0,NFLX,2025-04-24
1097.0400390625,1106.800048828125,1091.0,1101.530029296875,3950000.0,NFLX,2025-04-25
1100.0,1114.0,1082.6199951171875,1110.3800048828125,3831100.0,NFLX,2025-04-28
1103.9200439453125,1127.81005859375,1095.47998046875,1125.6400146484375,3777300.0,NFLX,2025-04-29
1112.6500244140625,1133.199951171875,1101.1099853515625,1131.719970703125,4266700.0,NFLX,2025-04-30
1122.52001953125,1142.4200439453125,1111.8299560546875,1133.469970703125,3499500.0,NFLX,2025-05-01
1136.6600341796875,1159.43994140625,1133.3199462890625,1156.489990234375,3774300.0,NFLX,2025-05-02
1114.800048828125,1144.02001953125,1107.010009765625,1134.06005859375,5662300.0,NFLX,2025-05-05
1129.4300537109375,1147.6600341796875,1126.4000244140625,1137.68994140625,3256700.0,NFLX,2025-05-06
1139.1800537109375,1164.0,1138.0,1155.4100341796875,4349700.0,NFLX,2025-05-07
1161.6199951171875,1162.2900390625,1139.199951171875,1144.4300537109375,3760900.0,NFLX,2025-05-08
1147.0999755859375,1151.0,1133.219970703125,1140.219970703125,2569600.0,NFLX,2025-05-09
1124.260009765625,1130.0,1102.9300537109375,1110.0,6479100.0,NFLX,2025-05-12
1114.4599609375,1147.8800048828125,1106.300048828125,1138.43994140625,3997900.0,NFLX,2025-05-13
1129.5999755859375,1152.9000244140625,1128.4000244140625,1150.989990234375,3910100.0,NFLX,2025-05-14
1147.739990234375,1187.800048828125,1147.6500244140625,1177.97998046875,4464000.0,NFLX,2025-05-15
1193.1400146484375,1196.5,1179.3900146484375,1191.530029296875,4698400.0,NFLX,2025-05-16
1173.5799560546875,1191.6400146484375,1171.7099609375,1191.6400146484375,2853400.0,NFLX,2025-05-19
1186.7900390625,1193.0,1179.02001953125,1192.02001953125,2133100.0,NFLX,2025-05-20
1186.5,1211.219970703125,1186.5,1194.6300048828125,2976600.0,NFLX,2025-05-21
1192.4000244140625,1198.75,1187.2099609375,1187.969970703125,1861600.0,NFLX,2025-05-22
1184.0,1191.449951171875,1179.43994140625,1185.3900146484375,2186500.0,NFLX,2025-05-23
1195.3299560546875,1211.77001953125,1193.0899658203125,1211.5699462890625,2920500.0,NFLX,2025-05-27
1210.27001953125,1215.9100341796875,1206.02001953125,1208.550048828125,1855900.0,NFLX,2025-05-28
1208.0,1209.0,1176.280029296875,1184.8599853515625,3300700.0,NFLX,2025-05-29
1198.3299560546875,1211.81005859375,1180.9300537109375,1207.22998046875,4696800.0,NFLX,2025-05-30
1201.199951171875,1219.4000244140625,1196.25,1218.97998046875,2294200.0,NFLX,2025-06-02
1219.8699951171875,1229.5699462890625,1211.1800537109375,1217.93994140625,2363800.0,NFLX,2025-06-03
1220.72998046875,1242.56005859375,1219.8800048828125,1239.6600341796875,2359400.0,NFLX,2025-06-04
1240.5999755859375,1262.81005859375,1237.2900390625,1250.52001953125,2817200.0,NFLX,2025-06-05
1259.4100341796875,1260.0,1235.550048828125,1241.469970703125,2557000.0,NFLX,2025-06-06
1238.8800048828125,1238.8800048828125,1221.5699462890625,1224.4599609375,2403100.0,NFLX,2025-06-09
1227.52001953125,1227.52001953125,1180.6099853515625,1203.6199951171875,4454400.0,NFLX,2025-06-10
1202.5999755859375,1228.2900390625,1196.010009765625,1219.8800048828125,2382300.0,NFLX,2025-06-11
1222.5899658203125,1230.0,1211.9599609375,1215.030029296875,2084600.0,NFLX,2025-06-12
1206.5899658203125,1220.6199951171875,1201.8900146484375,1212.1500244140625,2210300.0,NFLX,2025-06-13
1212.199951171875,1226.25,1212.199951171875,1225.3499755859375,2112800.0,NFLX,2025-06-16
1219.949951171875,1232.3599853515625,1216.0899658203125,1220.6700439453125,1892100.0,NFLX,2025-06-17
1229.989990234375,1242.0,1220.5,1222.2900390625,2281000.0,NFLX,2025-06-18
1234.449951171875,1248.5,1224.3499755859375,1231.4100341796875,5348200.0,NFLX,2025-06-20
1238.030029296875,1254.8399658203125,1215.010009765625,1253.5400390625,2667300.0,NFLX,2025-06-23
1260.550048828125,1282.5699462890625,1255.0,1279.1099853515625,2663300.0,NFLX,2025-06-24
1286.8399658203125,1298.0,1273.81005859375,1275.25,2146500.0,NFLX,2025-06-25
1280.0,1307.3399658203125,1280.0,1306.6700439453125,2605900.0,NFLX,2025-06-26
1306.8800048828125,1331.3499755859375,1301.0,1323.1199951171875,4070900.0,NFLX,2025-06-27
1331.0,1341.1500244140625,1321.2099609375,1339.1300048828125,3282900.0,NFLX,2025-06-30
1338.22998046875,1338.77001953125,1282.219970703125,1293.5999755859375,4993600.0,NFLX,2025-07-01
1296.9599609375,1299.949951171875,1271.5899658203125,1284.8599853515625,3048800.0,NFLX,2025-07-02
1292.0,1302.260009765625,1279.760009765625,1297.1800537109375,2006200.0,NFLX,2025-07-03
1295.0,1295.0,1276.02001953125,1289.6199951171875,2273700.0,NFLX,2025-07-07
1290.9000244140625,1293.25,1260.0,1275.31005859375,3292500.0,NFLX,2025-07-08
1273.989990234375,1288.2900390625,1266.239990234375,1288.280029296875,2384500.0,NFLX,2025-07-09
1285.5,1289.5999755859375,1246.010009765625,1250.5899658203125,4230800.0,NFLX,2025-07-10
1259.7900390625,1261.0,1231.300048828125,1245.1099853515625,3957200.0,NFLX,2025-07-11
1244.9100341796875,1270.489990234375,1240.0,1261.949951171875,2781000.0,NFLX,2025-07-14
1262.0,1271.219970703125,1243.239990234375,1260.27001953125,2801700.0,NFLX,2025-07-15
1261.7099609375,1271.0,1249.8199462890625,1250.31005859375,3227000.0,NFLX,2025-07-16
1253.0,1277.5,1244.800048828125,1274.1700439453125,6469900.0,NFLX,2025-07-17
1241.9599609375,1246.5,1201.010009765625,1209.239990234375,10693300.0,NFLX,2025-07-18
1206.0,1237.0999755859375,1198.0,1233.27001953125,5627600.0,NFLX,2025-07-21
1230.3800048828125,1232.3699951171875,1187.5,1190.0799560546875,5063000.0,NFLX,2025-07-22
1189.81005859375,1192.6199951171875,1173.5999755859375,1176.780029296875,4504300.0,NFLX,2025-07-23
1177.800048828125,1183.5,1162.6600341796875,1180.760009765625,3840100.0,NFLX,2025-07-24
1178.4200439453125,1180.5699462890625,1174.3824462890625,1177.81005859375,358275.0,NFLX,2025-07-25
104.54274333093115,106.78258565420647,100.44302192276541,104.48274230957031,397016900.0,NVDA,2025-04-16
104.44274178425454,104.46274466720584,100.04305351417702,101.48294830322266,292517500.0,NVDA,2025-04-17
98.76313836502491,99.43309764026857,95.03340163666236,96.90327453613281,288501100.0,NVDA,2025-04-21
98.77313996214224,99.80306722318255,97.2732441150665,98.88313293457031,241004800.0,NVDA,2025-04-22
104.51273745001276,104.79272441151089,102.01291108169299,102.70286560058594,247526000.0,NVDA,2025-04-23
103.47281538750215,106.53260039132012,103.10283834219908,106.422607421875,220815000.0,NVDA,2025-04-24
106.84258154964476,111.9122293136747,105.72266417620379,111.0022964477539,251064700.0,NVDA,2025-04-25
109.68238265297498,110.36233572086073,106.01263179735646,108.72245025634766,207708500.0,NVDA,2025-04-28
107.66252352883211,110.19234667117642,107.43254376799985,109.0124282836914,170444300.0,NVDA,2025-04-29
104.46274938923446,108.91243743896484,104.07277707156662,108.91243743896484,235044600.0,NVDA,2025-04-30
113.07214827264656,114.93201970345093,111.29227311666197,111.60224914550781,236121500.0,NVDA,2025-05-01
114.17207269391602,115.39198920893173,113.36213137411846,114.49205017089844,190194800.0,NVDA,2025-05-02
112.90216280263321,114.6620350893898,112.65218016349414,113.81209564208984,133163200.0,NVDA,2025-05-05
111.47226518321953,114.73203340369881,110.81230733401684,113.53211975097656,158525600.0,NVDA,2025-05-06
113.04215608614977,117.67183196470502,112.27220526080853,117.05187225341797,206758800.0,NVDA,2025-05-07
118.24179071447391,118.67176116768113,115.84195580422112,117.36185455322266,198428100.0,NVDA,2025-05-08
117.34184743589364,118.2217911942619,115.20199668891294,116.64189910888672,132972200.0,NVDA,2025-05-09
121.96153541928634,122.99146270751953,120.27165027906005,122.99146270751953,225023300.0,NVDA,2025-05-12
124.97132897244262,131.21089374180312,124.46136223351174,129.9209747314453,330430100.0,NVDA,2025-05-13
133.19074615794872,135.43059608188196,131.67084745036084,135.33059692382812,281180800.0,NVDA,2025-05-14
134.2806619130786,136.29053200968949,132.65078555171073,134.8206329345703,226632600.0,NVDA,2025-05-15
136.21054488205627,136.34054073998118,133.45074197294815,135.39059448242188,226542500.0,NVDA,2025-05-16
132.38080555276906,135.86055961165334,132.38080555276906,135.5605926513672,193154600.0,NVDA,2025-05-19
134.28066116234166,134.5706495538956,132.610779045451,134.37066650390625,161514200.0,NVDA,2025-05-20
133.0507547616815,137.39044962876582,130.58092511560693,131.7908477783203,270608700.0,NVDA,2025-05-21
132.22082104991222,134.2406851659139,131.54087555490528,132.82078552246094,187344000.0,NVDA,2025-05-22
129.99098000853303,132.67078673422913,129.15104195341007,131.2808837890625,198821300.0,NVDA,2025-05-23
134.14067302338051,135.65057787204648,133.300735049259,135.49058532714844,192953600.0,NVDA,2025-05-27
136.0205604932104,137.24047706552236,134.7806410364111,134.80064392089844,304021100.0,NVDA,2025-05-28
142.24012884407688,143.48004828952517,137.90043367160317,139.1803436279297,369241900.0,NVDA,2025-05-29
138.7103677567503,139.61029915281162,132.91076748843994,135.12062072753906,333170900.0,NVDA,2025-05-30
135.48059995132564,138.11040700485356,135.39059460313518,137.37046813964844,197663100.0,NVDA,2025-06-02
138.77035689954903,141.9901344074345,137.94041273370485,141.21018981933594,225578800.0,NVDA,2025-06-03
142.18012651028872,142.38010956756776,139.53030141372145,141.91014099121094,167120800.0,NVDA,2025-06-04
142.16012695808664,143.99000172763624,138.82036252431462,139.98028564453125,231397900.0,NVDA,2025-06-05
142.50009772583994,143.26005471165655,141.50016717206393,141.7101593017578,153986200.0,NVDA,2025-06-06
143.18006060607402,144.98993249459744,141.9301473949137,142.62010192871094,185114500.0,NVDA,2025-06-09
142.68009610535242,144.279975869788,141.52017297716907,143.95001220703125,155881900.0,NVDA,2025-06-10
144.61000061035156,144.99000549316406,141.8699951171875,142.8300018310547,167694000.0,NVDA,2025-06-11
141.97000122070312,145.0,141.85000610351562,145.0,162365000.0,NVDA,2025-06-12
142.47999572753906,143.5800018310547,140.85000610351562,141.97000122070312,180820600.0,NVDA,2025-06-13
143.35000610351562,146.17999267578125,143.1999969482422,144.69000244140625,183133700.0,NVDA,2025-06-16
144.49000549316406,145.22000122070312,143.77999877929688,144.1199951171875,139108000.0,NVDA,2025-06-17
144.00999450683594,145.64999389648438,143.1199951171875,145.47999572753906,161494100.0,NVDA,2025-06-18
145.4499969482422,146.1999969482422,142.64999389648438,143.85000610351562,242956200.0,NVDA,2025-06-20
142.5,144.77999877929688,142.02999877929688,144.1699981689453,154308900.0,NVDA,2025-06-23
145.55999755859375,147.9600067138672,145.5,147.89999389648438,187566100.0,NVDA,2025-06-24
149.27000427246094,154.4499969482422,149.25999450683594,154.30999755859375,269146500.0,NVDA,2025-06-25
155.97999572753906,156.72000122070312,154.0,155.02000427246094,198145700.0,NVDA,2025-06-26
156.0399932861328,158.7100067138672,155.25999450683594,157.75,263234500.0,NVDA,2025-06-27
158.39999389648438,158.66000366210938,155.9600067138672,157.99000549316406,194580300.0,NVDA,2025-06-30
156.2899932861328,157.1999969482422,151.49000549316406,153.3000030517578,213143600.0,NVDA,2025-07-01
152.97999572753906,157.60000610351562,152.97000122070312,157.25,171224100.0,NVDA,2025-07-02
158.3699951171875,160.97999572753906,157.77000427246094,159.33999633789062,143716100.0,NVDA,2025-07-03
158.1999969482422,159.30999755859375,157.33999633789062,158.24000549316406,140139000.0,NVDA,2025-07-07
159.3300018310547,160.22000122070312,158.38999938964844,160.0,138133000.0,NVDA,2025-07-08
161.22000122070312,164.4199981689453,161.16000366210938,162.8800048828125,183656400.0,NVDA,2025-07-09
164.32000732421875,164.5,161.61000061035156,164.10000610351562,167704100.0,NVDA,2025-07-10
163.72000122070312,167.88999938964844,163.47000122070312,164.9199981689453,193633300.0,NVDA,2025-07-11
165.3699951171875,165.49000549316406,162.02000427246094,164.07000732421875,136975800.0,NVDA,2025-07-14
171.19000244140625,172.39999389648438,169.1999969482422,170.6999969482422,230627400.0,NVDA,2025-07-15
171.05999755859375,171.75,168.89999389648438,171.3699951171875,158831500.0,NVDA,2025-07-16
172.02000427246094,174.16000366210938,170.8300018310547,173.0,160841100.0,NVDA,2025-07-17
173.63999938964844,174.25,171.25999450683594,172.41000366210938,146456400.0,NVDA,2025-07-18
172.75,173.3800048828125,171.0,171.3800048828125,123126100.0,NVDA,2025-07-21
171.33999633789062,171.38999938964844,164.5800018310547,167.02999877929688,193114300.0,NVDA,2025-07-22
169.52999877929688,171.25999450683594,167.97000122070312,170.77999877929688,154082200.0,NVDA,2025-07-23
172.44000244140625,173.8300018310547,171.3000030517578,173.74000549316406,128552800.0,NVDA,2025-07-24
173.61500549316406,174.15989685058594,172.96499633789062,173.98500061035156,17997918.0,NVDA,2025-07-25
448.5262669187285,452.1122359187138,437.26892082991657,443.68170166015625,48980600.0,QQQ,2025-04-16
446.66836997479874,447.24770590758044,440.8648596937792,443.601806640625,44837000.0,QQQ,2025-04-17
437.7383968906385,438.58741895908844,427.4499333208907,432.6241149902344,44149300.0,QQQ,2025-04-21
438.3277301223643,447.07788224767165,437.1290641134134,443.98138427734375,52304400.0,QQQ,2025-04-22
457.6560147962199,462.8601614155392,452.37194085433424,454.050048828125,55801100.0,QQQ,2025-04-23
455.9679133908896,467.13536390222004,455.3186182003011,466.8257141113281,45956100.0,QQQ,2025-04-24
466.44615126499775,472.5592809322363,464.86793713184755,472.0298767089844,38697100.0,QQQ,2025-04-25
472.4993349824879,474.2773368886203,465.5071878598683,471.8800354003906,33550800.0,QQQ,2025-04-28
469.64257896789854,475.88556774795717,469.06321253843663,474.9965515136719,30613100.0,QQQ,2025-04-29
466.60597453010126,476.6646852357454,461.9112348361367,474.9366149902344,46810600.0,QQQ,2025-04-30
482.867718713226,486.633478587484,480.2007004822898,481.1396484375,43316500.0,QQQ,2025-05-01
485.9942070850785,490.3592999338552,484.28610341815795,488.2816162109375,39218100.0,QQQ,2025-05-02
484.05636263704406,488.48138557171023,483.55692355683317,485.3848571777344,28309500.0,QQQ,2025-05-05
479.02200340696925,484.5058346984516,477.65354521814226,480.86993408203125,32786300.0,QQQ,2025-05-06
481.53917990031067,485.2550079515484,476.2451377363652,482.7578125,38006300.0,QQQ,2025-05-07
487.98196955031557,492.1473050887712,483.62687519708794,487.74224853515625,39577600.0,QQQ,2025-05-08
489.66005422779676,490.9885792511315,485.65457353528234,487.4225769042969,27767400.0,QQQ,2025-05-09
506.42125284498536,507.3202676187285,500.91745464838624,507.2803039550781,45090600.0,QQQ,2025-05-12
508.5888474751779,516.8096263504613,507.8496873334999,515.0116577148438,53269600.0,QQQ,2025-05-13
516.1903139685533,518.6475153554106,515.1714386813073,518.09814453125,47014500.0,QQQ,2025-05-14
515.9405626229042,521.3444666003286,514.5920405375825,518.66748046875,50153300.0,QQQ,2025-05-15
520.0759047299881,521.114777092535,516.5199007223433,520.9249877929688,48394600.0,QQQ,2025-05-16
513.6631350623751,521.9438746693677,513.6631350623751,521.4244384765625,52536200.0,QQQ,2025-05-19
518.8871890606399,520.3455730675786,516.0803439749222,519.6863403320312,42517600.0,QQQ,2025-05-20
515.690834337751,522.4132646779004,510.666448053992,512.4644165039062,71292800.0,QQQ,2025-05-21
513.0837554615425,517.1292609927907,511.72529572546335,513.4234008789062,55607200.0,QQQ,2025-05-22
505.6121364606028,511.2657904678385,505.01280347178937,508.668701171875,58368100.0,QQQ,2025-05-23
515.5709952019331,521.1247554247649,514.0127476852158,520.63525390625,47226300.0,QQQ,2025-05-27
521.5941707947817,523.0924879788297,517.8084446577594,518.3278198242188,46637200.0,QQQ,2025-05-28
525.7395856571885,525.8893808087663,516.7396832249882,519.3467407226562,58513300.0,QQQ,2025-05-29
518.8572958031884,520.0958950192793,511.3557107497976,518.5276489257812,67662800.0,QQQ,2025-05-30
516.6597127530017,522.8627678708564,515.3911180221322,522.623046875,44762800.0,QQQ,2025-06-02
522.97264054108,528.1468220298664,522.1036214299655,526.7084350585938,44070300.0,QQQ,2025-06-03
527.4176616990403,529.2456257840831,525.3799112545059,528.1768188476562,41359300.0,QQQ,2025-06-04
529.5852006732897,532.4519760346085,522.0736176118,524.2012329101562,61031200.0,QQQ,2025-06-05
529.4054278122077,531.2033963171008,527.617457843641,529.3255004882812,42467000.0,QQQ,2025-06-06
529.5453059371463,531.7527877502927,528.416568688787,530.1046752929688,33688700.0,QQQ,2025-06-09
530.574089182664,534.2999461347188,528.2966787062677,533.6107177734375,40664800.0,QQQ,2025-06-10
535.0191038793381,536.1778366618026,529.5152755793395,531.8126831054688,53701000.0,QQQ,2025-06-11
530.4942161377257,534.0402213276179,530.2444966036956,533.061279296875,34104900.0,QQQ,2025-06-12
527.0880595493194,531.2733617912118,525.1402347983948,526.368896484375,55814400.0,QQQ,2025-06-13
529.9048863540172,534.769418322194,529.8549546372363,533.6906127929688,37622100.0,QQQ,2025-06-16
531.1135658538541,532.7317437098275,527.317779804841,528.4865112304688,42180900.0,QQQ,2025-06-17
529.5052855301,531.9525492029617,526.8083632851956,528.3965454101562,43983500.0,QQQ,2025-06-18
531.662914925135,532.9614443782142,524.2911890089131,526.239013671875,61643500.0,QQQ,2025-06-20
526.8099975585938,532.1699829101562,523.6500244140625,531.6500244140625,50666100.0,QQQ,2025-06-23
536.8900146484375,540.7000122070312,536.27001953125,539.780029296875,45442000.0,QQQ,2025-06-24
542.0599975585938,543.3099975585938,539.3800048828125,541.1599731445312,44804200.0,QQQ,2025-06-25
543.3499755859375,546.6699829101562,541.52001953125,546.219970703125,43811400.0,QQQ,2025-06-26
547.260009765625,549.989990234375,544.5399780273438,548.0900268554688,57577100.0,QQQ,2025-06-27
551.260009765625,552.7999877929688,549.010009765625,551.6400146484375,45548700.0,QQQ,2025-06-30
549.72998046875,550.7100219726562,544.6599731445312,546.989990234375,56166700.0,QQQ,2025-07-01
546.1599731445312,551.0,546.1199951171875,550.7999877929688,36538300.0,QQQ,2025-07-02
553.1799926757812,557.2000122070312,553.1799926757812,556.219970703125,26443500.0,QQQ,2025-07-03
553.52001953125,554.3400268554688,549.5800170898438,552.030029296875,45349300.0,QQQ,2025-07-07
553.3800048828125,554.010009765625,551.0999755859375,552.3400268554688,36153300.0,QQQ,2025-07-08
554.47998046875,557.6300048828125,553.0999755859375,556.25,43045500.0,QQQ,2025-07-09
556.8900146484375,557.2999877929688,552.75,555.4500122070312,34710900.0,QQQ,2025-07-10
553.2999877929688,555.7899780273438,552.0499877929688,554.2000122070312,39618600.0,QQQ,2025-07-11
553.989990234375,556.9500122070312,551.6300048828125,556.2100219726562,36453300.0,QQQ,2025-07-14
560.25,560.7999877929688,556.6599731445312,556.719970703125,43277700.0,QQQ,2025-07-15
557.280029296875,560.2100219726562,551.5599975585938,557.2899780273438,52314700.0,QQQ,2025-07-16
558.02001953125,562.3099975585938,557.2100219726562,561.7999877929688,40423800.0,QQQ,2025-07-17
563.1199951171875,564.72998046875,559.97998046875,561.260009765625,50484700.0,QQQ,2025-07-18
562.0900268554688,566.0599975585938,562.0599975585938,564.1699829101562,39595200.0,QQQ,2025-07-21
564.2999877929688,564.3499755859375,558.6099853515625,561.25,43270600.0,QQQ,2025-07-22
562.3400268554688,563.8499755859375,559.5800170898438,563.8099975585938,40215300.0,QQQ,2025-07-23
565.1300048828125,566.239990234375,563.2899780273438,565.010009765625,42171800.0,QQQ,2025-07-24
565.0,565.9199829101562,564.27001953125,565.730224609375,4466288.0,QQQ,2025-07-25
530.1128095536914,536.3045268284891,518.7563681804631,524.1105346679688,83484800.0,SPY,2025-04-16
526.0847532599682,529.604316656272,522.3657063534529,524.8583374023438,79868100.0,SPY,2025-04-17
519.6238052831814,520.1622525299349,506.96125797993665,512.3652954101562,69368100.0,SPY,2025-04-21
518.6068942866489,527.7398682752878,517.6596822546041,525.6959228515625,75948100.0,SPY,2025-04-22
538.8370393033936,543.8223014706125,532.306358035387,533.841796875,90590700.0,SPY,2025-04-23
535.137968583152,545.8164223668259,533.8717533370633,545.07861328125,64150400.0,SPY,2025-04-24
545.0387382920208,549.4257324957449,542.0874411745963,549.0169677734375,61119600.0,SPY,2025-04-25
549.7647656303432,551.9183721484593,543.4135463851055,549.226318359375,47613800.0,SPY,2025-04-28
547.2920086038646,553.8127702769649,546.9330843434874,552.6860961914062,47775100.0,SPY,2025-04-29
545.9560300157574,554.8796618213433,539.9238747243568,552.9054565429688,93101500.0,SPY,2025-04-30
558.7182765361568,562.4073827721945,556.2156651498251,556.8238525390625,63186100.0,SPY,2025-05-01
563.0653709624233,566.7046364907385,560.7223222120272,565.0894165039062,60717300.0,SPY,2025-05-02
560.9117673476358,564.9797581165675,560.0443366413908,561.8489990234375,38659200.0,SPY,2025-05-05
556.2854623092777,561.6894695117311,555.3183506499339,557.1528930664062,48264700.0,SPY,2025-05-06
558.4989192920236,562.1580845152806,554.4009877287364,559.4959716796875,55588000.0,SPY,2025-05-07
563.5739323580718,568.6289957190513,560.0443884974118,563.3944702148438,65130800.0,SPY,2025-05-08
564.8102205798259,565.8272334952061,561.1012148853195,562.6765747070312,37603400.0,SPY,2025-05-09
579.7560672258437,581.2815867067962,575.3391321114739,581.2716064453125,78993600.0,SPY,2025-05-12
581.6903470478828,587.343678293745,581.1220807001266,585.1102905273438,67947200.0,SPY,2025-05-13
586.0774155967079,587.2439499583633,583.8140869943453,585.8580932617188,66283500.0,SPY,2025-05-14
583.8340232035316,589.2280501171933,583.3753571741278,588.7196044921875,71268100.0,SPY,2025-05-15
589.5072306166389,592.7476509117832,587.5430666021017,592.4485473632812,76052100.0,SPY,2025-05-16
586.3665146930052,593.784587269064,586.3665146930052,593.0966186523438,68168500.0,SPY,2025-05-19
591.341882776371,592.2990142108393,587.8621184990102,591.1025390625,60614500.0,SPY,2025-05-20
586.7055374013049,590.8333490882792,580.1050551487234,581.1419677734375,95197700.0,SPY,2025-05-21
580.942551785946,584.8909013825514,579.6962362276395,581.371337890625,70860400.0,SPY,2025-05-22
574.2822361785879,580.0950688548037,573.9033513887334,577.4030151367188,76029000.0,SPY,2025-05-23
584.3425491795706,589.5670943925401,576.725053693289,589.4075927734375,72588500.0,SPY,2025-05-27
589.8163475692377,591.0228029471133,585.2598105493923,585.9976196289062,68445500.0,SPY,2025-05-28
591.3119286527991,591.4515306022613,584.342541704147,588.310791015625,69973300.0,SPY,2025-05-29
587.194104951146,589.3876325602934,581.5208739520402,587.6527709960938,90601200.0,SPY,2025-05-30
586.0275300945058,591.0426720366128,583.3354764354921,590.9629516601562,61630500.0,SPY,2025-06-02
590.5940612123461,595.3200799781005,590.1054544048488,594.3330078125,63606200.0,SPY,2025-06-03
595.2004551527299,596.1875273458553,593.7347563998676,594.1734619140625,57314200.0,SPY,2025-06-04
595.8684581600321,597.2344151426059,589.3078360260068,591.3019409179688,92278700.0,SPY,2025-06-05
596.8953968767723,599.0590445233215,595.1007146259882,597.3740234375,66588700.0,SPY,2025-06-06
597.9522747414663,599.477794222525,596.7259196839311,597.9124145507812,53016400.0,SPY,2025-06-09
598.4507520987654,601.6911723434343,597.3241388928317,601.3023681640625,66247000.0,SPY,2025-06-10
602.4091389302424,603.2765697174132,597.5036577794746,599.5874633789062,73658200.0,SPY,2025-06-11
598.2414316391353,601.9703979492188,597.7528856906831,601.9703979492188,64129000.0,SPY,2025-06-12
596.73587404184,600.0759753105004,593.7247562563699,595.2402954101562,89506000.0,SPY,2025-06-13
598.6303165073551,602.6683667667999,598.4507935133779,600.903564453125,79984100.0,SPY,2025-06-16
598.4408921774705,599.9763310919831,595.0010489432416,595.768798828125,82209400.0,SPY,2025-06-17
596.6760685598517,599.4478427165867,594.711843595377,595.6790161132812,76605000.0,SPY,2025-06-18
598.3800048828125,599.4600219726562,592.8599853515625,594.280029296875,94051400.0,SPY,2025-06-20
595.0399780273438,600.5399780273438,591.8900146484375,600.1500244140625,87426000.0,SPY,2025-06-23
604.3300170898438,607.8499755859375,603.4099731445312,606.780029296875,67735300.0,SPY,2025-06-24
607.9099731445312,608.6099853515625,605.5399780273438,607.1199951171875,62114800.0,SPY,2025-06-25
608.989990234375,612.3099975585938,608.3699951171875,611.8699951171875,78548400.0,SPY,2025-06-26
612.8800048828125,616.3900146484375,610.8300170898438,614.9099731445312,86258400.0,SPY,2025-06-27
617.3800048828125,619.219970703125,615.0399780273438,617.8499755859375,92502500.0,SPY,2025-06-30
616.3599853515625,618.8300170898438,615.52001953125,617.6500244140625,70030100.0,SPY,2025-07-01
617.239990234375,620.489990234375,616.6099853515625,620.4500122070312,66510400.0,SPY,2025-07-02
622.4500122070312,626.280029296875,622.4299926757812,625.3400268554688,51065800.0,SPY,2025-07-03
623.3599853515625,624.030029296875,617.8699951171875,620.6799926757812,74814500.0,SPY,2025-07-07
621.3499755859375,622.1099853515625,619.52001953125,620.3400268554688,59024600.0,SPY,2025-07-08
622.77001953125,624.719970703125,620.9099731445312,624.0599975585938,66113300.0,SPY,2025-07-09
624.2000122070312,626.8699951171875,623.010009765625,625.8200073242188,57529000.0,SPY,2025-07-10
622.739990234375,624.8599853515625,621.530029296875,623.6199951171875,63670200.0,SPY,2025-07-11
623.1599731445312,625.1599731445312,621.7999877929688,624.8099975585938,51898500.0,SPY,2025-07-14
627.52001953125,627.8599853515625,622.0599975585938,622.1400146484375,74317300.0,SPY,2025-07-15
623.739990234375,624.72998046875,618.0499877929688,624.219970703125,88987500.0,SPY,2025-07-16
624.4000244140625,628.4000244140625,624.1799926757812,628.0399780273438,68885700.0,SPY,2025-07-17
629.2999877929688,629.469970703125,626.4600219726562,627.5800170898438,65621600.0,SPY,2025-07-18
628.77001953125,631.5399780273438,628.3400268554688,628.77001953125,63375000.0,SPY,2025-07-21
629.0999755859375,629.72998046875,626.1900024414062,628.8599853515625,60046300.0,SPY,2025-07-22
631.5499877929688,634.2100219726562,629.72998046875,634.2100219726562,70511000.0,SPY,2025-07-23
634.5999755859375,636.1500244140625,633.989990234375,634.4199829101562,71237500.0,SPY,2025-07-24
635.0900268554688,635.5999755859375,634.8499755859375,635.3900146484375,5266734.0,SPY,2025-07-25
247.61000061035156,251.97000122070312,233.88999938964844,241.5500030517578,112378700.0,TSLA,2025-04-16
243.47000122070312,244.33999633789062,237.67999267578125,241.3699951171875,83404800.0,TSLA,2025-04-17
230.25999450683594,232.2100067138672,222.7899932861328,227.5,97768000.0,TSLA,2025-04-21
230.9600067138672,242.7899932861328,229.85000610351562,237.97000122070312,120858500.0,TSLA,2025-04-22
254.86000061035156,259.45001220703125,244.42999267578125,250.74000549316406,150381900.0,TSLA,2025-04-23
250.5,259.5400085449219,249.1999969482422,259.510009765625,94464200.0,TSLA,2025-04-24
261.69000244140625,286.8500061035156,259.6300048828125,284.95001220703125,167560700.0,TSLA,2025-04-25
288.9800109863281,294.8599853515625,272.4200134277344,285.8800048828125,151731800.0,TSLA,2025-04-28
285.5,293.32000732421875,279.4700012207031,292.0299987792969,108906600.0,TSLA,2025-04-29
279.8999938964844,284.45001220703125,270.7799987792969,282.1600036621094,128961100.0,TSLA,2025-04-30
280.010009765625,290.8699951171875,279.80999755859375,280.5199890136719,99659000.0,TSLA,2025-05-01
284.8999938964844,294.7799987792969,279.80999755859375,287.2099914550781,114454700.0,TSLA,2025-05-02
284.57000732421875,284.8500061035156,274.3999938964844,280.260009765625,94618900.0,TSLA,2025-05-05
273.1099853515625,277.7300109863281,271.3500061035156,275.3500061035156,76715800.0,TSLA,2025-05-06
276.8800048828125,277.9200134277344,271.0,276.2200012207031,71592600.0,TSLA,2025-05-07
279.6300048828125,289.79998779296875,279.4100036621094,284.82000732421875,97539400.0,TSLA,2025-05-08
290.2099914550781,307.0400085449219,290.0,298.260009765625,132387800.0,TSLA,2025-05-09
321.989990234375,322.2099914550781,311.5,318.3800048828125,112826700.0,TSLA,2025-05-12
320.0,337.5899963378906,316.79998779296875,334.07000732421875,136992600.0,TSLA,2025-05-13
342.5,350.0,337.0,347.67999267578125,136997300.0,TSLA,2025-05-14
340.3399963378906,346.1400146484375,334.7200012207031,342.82000732421875,97882600.0,TSLA,2025-05-15
346.239990234375,351.6199951171875,342.3299865722656,349.9800109863281,95895700.0,TSLA,2025-05-16
336.29998779296875,343.0,333.3699951171875,342.0899963378906,88869900.0,TSLA,2025-05-19
347.8699951171875,354.989990234375,341.6300048828125,343.82000732421875,131715500.0,TSLA,2025-05-20
344.42999267578125,347.3500061035156,332.20001220703125,334.6199951171875,102354800.0,TSLA,2025-05-21
331.8999938964844,347.2699890136719,331.3900146484375,341.0400085449219,97113400.0,TSLA,2025-05-22
337.9200134277344,343.17999267578125,333.2099914550781,339.3399963378906,84654800.0,TSLA,2025-05-23
347.3500061035156,363.7900085449219,347.32000732421875,362.8900146484375,120146400.0,TSLA,2025-05-27
364.8399963378906,365.0,355.9100036621094,356.8999938964844,91404300.0,TSLA,2025-05-28
365.2900085449219,367.7099914550781,356.0,358.42999267578125,88087800.0,TSLA,2025-05-29
355.5199890136719,363.67999267578125,345.2900085449219,346.4599914550781,123474900.0,TSLA,2025-05-30
343.5,348.0199890136719,333.3299865722656,342.69000244140625,81873800.0,TSLA,2025-06-02
346.6000061035156,355.3999938964844,343.0400085449219,344.2699890136719,99324500.0,TSLA,2025-06-03
345.1000061035156,345.6000061035156,327.3299865722656,332.04998779296875,98912100.0,TSLA,2025-06-04
322.489990234375,324.54998779296875,273.2099914550781,284.70001220703125,287499800.0,TSLA,2025-06-05
298.8299865722656,305.5,291.1400146484375,295.1400146484375,164747700.0,TSLA,2025-06-06
285.9599914550781,309.8299865722656,281.8500061035156,308.5799865722656,140908900.0,TSLA,2025-06-09
314.94000244140625,327.8299865722656,310.6700134277344,326.0899963378906,151256500.0,TSLA,2025-06-10
334.3999938964844,335.5,322.5,326.42999267578125,122611400.0,TSLA,2025-06-11
323.0799865722656,332.55999755859375,316.8599853515625,319.1099853515625,105127500.0,TSLA,2025-06-12
313.9700012207031,332.989990234375,313.29998779296875,325.30999755859375,128964300.0,TSLA,2025-06-13
331.2900085449219,332.04998779296875,326.4100036621094,329.1300048828125,83925900.0,TSLA,2025-06-16
326.0899963378906,327.260009765625,314.739990234375,316.3500061035156,88282700.0,TSLA,2025-06-17
317.30999755859375,329.32000732421875,315.45001220703125,322.04998779296875,95137700.0,TSLA,2025-06-18
327.95001220703125,332.3599853515625,317.7799987792969,322.1600036621094,108688000.0,TSLA,2025-06-20
327.5400085449219,357.5400085449219,327.4800109863281,348.67999267578125,190716800.0,TSLA,2025-06-23
356.1700134277344,356.260009765625,340.44000244140625,340.4700012207031,114736200.0,TSLA,2025-06-24
342.70001220703125,343.0,320.3999938964844,327.54998779296875,119845100.0,TSLA,2025-06-25
324.6099853515625,331.04998779296875,323.6099853515625,325.7799987792969,80440900.0,TSLA,2025-06-26
324.510009765625,329.3399963378906,317.5,323.6300048828125,89067000.0,TSLA,2025-06-27
319.8999938964844,325.5799865722656,316.6000061035156,317.6600036621094,76695100.0,TSLA,2025-06-30
298.4599914550781,305.8900146484375,293.2099914550781,300.7099914550781,145085700.0,TSLA,2025-07-01
312.6300048828125,316.8299865722656,303.82000732421875,315.6499938964844,119483700.0,TSLA,2025-07-02
317.989990234375,318.45001220703125,312.760009765625,315.3500061035156,58042300.0,TSLA,2025-07-03
291.3699951171875,296.1499938964844,288.7699890136719,293.94000244140625,131177900.0,TSLA,2025-07-07
297.0,304.04998779296875,294.3500061035156,297.80999755859375,103246700.0,TSLA,2025-07-08
297.54998779296875,300.1499938964844,293.54998779296875,295.8800048828125,75586800.0,TSLA,2025-07-09
300.04998779296875,310.4800109863281,300.0,309.8699951171875,104365300.0,TSLA,2025-07-10
307.8900146484375,314.0899963378906,305.6499938964844,313.510009765625,79236400.0,TSLA,2025-07-11
317.7300109863281,322.6000061035156,312.6700134277344,316.8999938964844,78043400.0,TSLA,2025-07-14
319.67999267578125,321.20001220703125,310.5,310.7799987792969,77556300.0,TSLA,2025-07-15
312.79998779296875,323.5,312.6199951171875,321.6700134277344,97284800.0,TSLA,2025-07-16
323.1499938964844,324.3399963378906,317.05999755859375,319.4100036621094,73922900.0,TSLA,2025-07-17
321.6600036621094,330.8999938964844,321.4200134277344,329.6499938964844,94255000.0,TSLA,2025-07-18
334.3999938964844,338.0,326.8800048828125,328.489990234375,75768800.0,TSLA,2025-07-21
329.739990234375,335.4100036621094,321.54998779296875,332.1099853515625,77370400.0,TSLA,2025-07-22
330.8999938964844,336.20001220703125,328.6700134277344,332.55999755859375,92553800.0,TSLA,2025-07-23
310.0,310.1499938964844,300.4100036621094,305.29998779296875,156392500.0,TSLA,2025-07-24
,,,,,TSLA,2025-07-25
